AcceptedName,Grass_Forb,Grass_Forb_Legume,SeedsPer.oz,SeedsPer.pkt,PacketCost,OneOzCost,OneLbCost,FullSun,PartShade,Shade,Wet,WetMesic,Mesic,DryMesic,Dry,Apr,May,Jun,Jul,Aug,Sep,Oct,Nov,Conservatism
Agalinis_purpurea,F,F,440000,300,2.5,60,960,1,1,0,1,1,1,0,0,0,0,0,0,1,1,1,0,6
Agalinis_tenuifolia,F,F,800000,1000,2.5,60,960,1,1,0,0,1,1,1,1,0,0,0,0,1,1,1,0,3
Agastache_foeniculum,F,F,90000,1000,2.5,10,150,1,1,0,0,0,1,1,0,0,0,1,1,1,1,0,0,6
Agastache_nepetoides,F,F,90000,1000,2.5,20,300,1,1,0,0,1,1,1,0,0,0,0,1,1,1,1,0,5
Agastache_scrophulariifolia,F,F,93000,1000,2.5,20,320,1,1,0,0,1,1,1,0,0,0,0,1,1,1,1,0,5
Agrostis_hyemalis,G,G,850000,500,2.5,10,160,1,1,1,0,1,1,1,1,0,1,1,1,0,0,0,0,3
Allium_canadense,F,F,560,60,2.5,6,96,1,1,1,0,1,1,1,1,1,1,1,1,0,0,0,0,3
Allium_cernuum,F,F,7600,300,2.5,15,240,1,1,0,0,1,1,1,0,0,0,1,1,1,1,1,0,7
Allium_stellatum,F,F,11000,300,2.5,15,240,1,1,0,0,0,1,1,1,0,0,0,1,1,0,0,0,10
Amorpha_canescens,F,L,16000,150,2.5,15,225,1,1,0,0,0,1,1,1,0,0,1,1,1,0,0,0,10
Andropogon_gerardii,G,G,10000,500,2.5,3,12,1,1,0,0,1,1,1,1,0,0,0,1,1,1,0,0,5
Anemone_canadensis,F,F,8000,200,2.5,40,600,1,1,0,0,1,1,0,0,0,1,1,1,1,1,0,0,4
Anemone_cylindrica,F,F,26000,200,2.5,40,640,1,1,0,0,0,1,1,1,0,0,1,1,1,0,0,0,8
Anemone_virginiana,F,F,28000,300,2.5,50,800,1,1,1,0,0,1,1,0,0,0,1,1,1,0,0,0,5
Antennaria_neglecta,F,F,275000,300,2.5,200,3200,1,1,0,0,0,0,1,1,0,1,1,0,0,0,0,0,3
Antennaria_plantaginifolia,F,F,275000,300,2.5,200,3200,1,1,0,0,0,0,1,1,1,1,0,0,0,0,0,0,4
Apocynum_cannabinum,F,F,20000,75,2.5,20,320,1,1,0,0,1,1,1,0,0,0,1,1,1,0,0,0,6
Arnoglossum_atriplicifolium,F,F,6000,100,2.5,10,150,1,1,0,0,0,1,1,0,0,0,1,1,1,1,1,0,8
Arnoglossum_plantagineum,F,F,4700,100,2.5,60,960,1,0,0,0,1,1,0,0,0,0,1,1,1,0,0,0,10
Artemisia_ludoviciana,F,F,250000,1000,2.5,40,640,1,1,0,0,0,1,1,1,0,0,0,1,1,1,1,0,2
Asclepias_incarnata,F,F,4800,100,2.5,12,180,1,0,0,1,1,1,0,0,0,0,1,1,1,1,0,0,3
Asclepias_longifolia,F,F,4300,50,2.5,80,1280,1,1,0,0,1,1,1,1,0,0,1,1,1,0,0,0,10
Asclepias_sullivantii,F,F,4500,55,2.5,30,480,1,0,0,0,1,1,0,0,0,0,1,1,1,0,0,0,8
Asclepias_syriaca,F,F,4000,150,2.5,8,120,1,1,0,0,1,1,1,1,0,0,1,1,1,1,1,0,0
Asclepias_tuberosa,F,F,4300,100,2.5,30,450,1,1,0,0,0,1,1,1,0,0,1,1,1,1,0,0,8
Asclepias_verticillata,F,F,11000,100,2.5,50,800,1,1,0,0,0,1,1,1,0,0,1,1,1,1,0,0,1
Astragalus_canadensis,F,L,17000,500,2.5,6,90,1,1,0,0,1,1,1,0,0,0,1,1,1,1,1,0,8
Baptisia_alba,F,L,1700,75,2.5,10,150,1,1,0,0,1,1,1,1,0,1,1,1,1,0,0,0,8
Baptisia_australis,F,L,75,"1,500",2.5,8,120,1,1,0,0,1,1,0,0,0,1,1,0,0,0,0,0,6
Baptisia_bracteata,F,L,1400,10,2.5,50,750,1,1,0,0,0,1,1,1,0,1,1,0,0,0,0,0,10
Bidens_frondosa,F,F,5000,200,2.5,12,180,1,1,1,1,1,0,0,0,0,0,1,1,1,1,1,0,1
Blephilia_ciliata,F,F,400000,1000,2.5,80,1280,1,1,0,0,0,1,1,1,0,1,1,1,0,0,0,0,7
Bouteloua_curtipendula,G,G,6000,500,2.5,3,18,1,1,0,0,0,1,1,1,0,0,0,1,1,1,1,0,8
Brickellia_eupatorioides,F,F,32000,200,2.5,10,150,1,1,0,0,0,0,1,1,0,0,0,0,1,1,1,0,6
Bromus_kalmii,G,G,8000,500,2.5,4,60,1,1,0,0,1,1,1,0,0,0,1,1,0,0,0,0,10
Callirhoe_triangulata,F,F,5400,50,2.5,60,900,1,1,0,0,0,0,1,1,0,0,0,1,1,1,0,0,8
Camassia_scilloides,F,F,4200,40,2.5,15,225,1,1,0,0,1,1,1,0,0,1,1,0,0,0,0,0,7
Campanula_rotundifolia,F,F,900000,1000,2.5,200,3000,1,1,0,0,0,0,1,1,0,0,1,1,1,1,1,0,10
Carex_annectens,G,G,90000,500,2.5,20,300,1,0,0,1,1,1,1,0,0,1,1,0,0,0,0,0,3
Carex_bicknellii,G,G,17000,500,2.5,20,320,1,1,0,0,1,1,1,0,0,1,1,0,0,0,0,0,8
Carex_blanda,G,G,12500,75,2.5,30,450,1,1,1,1,1,1,1,0,1,1,1,0,0,0,0,0,1
Carex_brevior,G,G,29000,750,2.5,10,150,1,1,1,0,1,1,1,1,0,1,1,0,0,0,0,0,3
Carex_crawfordii,G,G,0,115000,2.5,8,128,1,0,0,1,1,1,0,0,0,0,1,1,0,0,0,0,3
Carex_cristatella,G,G,58000,750,2.5,30,450,1,1,1,1,1,1,0,0,0,1,1,0,0,0,0,0,4
Carex_molesta,G,G,25000,300,2.5,12,180,1,1,1,0,1,1,1,1,0,1,1,0,0,0,0,0,2
Carex_normalis,G,G,25000,400,2.5,25,375,1,1,1,0,1,1,0,0,0,1,1,0,0,0,0,0,5
Carex_pensylvanica,G,G,30000,75,2.5,300,4800,1,1,1,0,0,1,1,1,1,1,0,0,0,0,0,0,5
Carex_scoparia,G,G,84000,1000,2.5,12,180,1,0,0,1,1,1,0,0,0,1,1,0,0,0,0,0,5
Carex_tenera,G,G,20000,150,2.5,60,900,1,1,1,1,1,1,0,0,0,1,1,0,0,0,0,0,8
Castilleja_coccinea,F,F,300000,300,2.5,200,3200,1,1,0,0,1,1,1,0,1,1,1,1,1,1,0,0,10
Castilleja_sessiliflora,F,F,200000,500,2.5,50,800,1,0,0,0,0,0,1,1,0,1,1,0,0,0,0,0,10
Chamaecrista_fasciculata,F,L,2700,250,2.5,3,30,1,1,0,0,0,1,1,1,0,0,1,1,1,1,1,0,4
Cirsium_discolor,F,F,6400,50,2.5,40,640,1,1,0,0,0,1,1,0,0,0,0,0,1,1,1,0,3
Coreopsis_lanceolata,F,F,20000,250,2.5,5,75,1,0,0,0,0,0,1,1,0,1,1,1,1,0,0,0,8
Coreopsis_palmata,F,F,10000,200,2.5,50,750,1,1,0,0,0,1,1,1,0,0,1,1,1,0,0,0,10
Coreopsis_tripteris,F,F,14000,200,2.5,20,300,1,1,0,0,1,1,1,0,0,0,0,1,1,1,1,0,5
Crotalaria_sagittalis,F,L,4500,200,2.5,20,320,1,0,0,0,0,0,1,1,0,0,1,1,1,1,0,0,8
Dalea_candida,F,L,19000,750,2.5,3,45,1,1,0,0,0,1,1,1,0,0,1,1,1,1,1,0,10
Dalea_purpurea,F,L,15000,750,2.5,3,45,1,1,0,0,0,1,1,1,0,0,1,1,1,1,0,0,9
Danthonia_spicata,G,G,25000,400,2.5,30,480,1,1,0,0,0,0,1,1,0,1,1,0,0,0,0,0,3
Delphinium_carolinianum,F,F,41000,200,2.5,150,2250,1,1,0,0,0,1,1,0,0,0,0,1,1,0,0,0,10
Desmanthus_illinoensis,F,L,4200,250,2.5,3,30,1,0,0,0,0,1,1,1,0,0,0,1,1,0,0,0,3
Desmodium_canadense,F,L,5500,250,2.5,12,180,1,1,0,0,1,1,1,0,0,0,1,1,1,1,0,0,4
Desmodium_illinoense,F,L,4300,150,2.5,12,180,1,1,0,0,0,0,1,1,0,0,0,1,1,0,0,0,9
Dodecatheon_meadia,F,F,60000,200,2.5,80,1200,1,1,0,0,1,1,1,0,1,1,1,0,0,0,0,0,6
Doellingeria_umbellata,F,F,67000,400,2.5,30,450,1,1,0,1,1,1,0,0,0,0,0,1,1,1,1,0,8
Echinacea_pallida,F,F,5200,200,2.5,10,150,1,1,0,0,0,1,1,1,0,1,1,1,1,0,0,0,10
Echinacea_purpurea,F,F,6600,300,2.5,3,30,1,1,0,0,1,1,1,0,0,0,0,1,1,0,0,0,10
Eleocharis_compressa,G,G,85000,800,2.5,140,2240,1,1,0,1,1,0,0,0,1,1,1,0,0,0,0,0,9
Elymus_canadensis,G,G,5200,1000,2.5,3,15,1,1,0,0,1,1,1,1,0,0,1,1,1,1,0,0,4
Elymus_trachycaulus,G,G,0,6900,2.5,3,48,1,1,0,0,1,1,1,1,0,0,0,0,0,0,0,0,8
Elymus_villosus,G,G,200,5500,2.5,10,150,0,1,1,0,1,1,1,0,0,0,0,1,0,0,0,0,5
Elymus_virginicus,G,G,4200,1000,2.5,3,12,1,1,1,1,1,1,0,0,0,0,1,1,0,0,0,0,3
Eryngium_yuccifolium,F,F,7500,250,2.5,6,90,1,0,0,0,1,1,1,0,0,0,0,1,1,1,0,0,9
Eupatorium_altissimum,F,F,50000,300,2.5,10,160,1,1,0,0,1,1,1,0,0,0,0,0,1,1,1,0,0
Eupatorium_purpureum,F,F,400,42000,2.5,15,225,0,1,1,0,1,1,1,0,0,0,0,1,1,1,0,0,6
Euphorbia_corollata,F,F,8000,75,2.5,60,960,1,1,0,0,0,1,1,1,0,1,1,1,1,1,1,0,4
Euthamia_graminifolia,F,F,350000,1000,2.5,40,600,1,1,0,1,1,1,1,1,0,0,0,1,1,1,0,0,4
Fragaria_virginiana,F,F,83000,100,2.5,300,4500,1,1,1,0,1,1,1,1,1,1,1,0,0,0,0,0,0
Galium_boreale,F,F,70000,400,2.5,60,960,1,1,0,1,1,1,1,0,0,1,1,1,1,1,0,0,10
Gaura_biennis,F,F,2700,200,2.5,6,90,1,1,0,0,1,1,1,1,0,0,0,1,1,1,0,0,2
Gaura_longiflora,F,F,2000,200,2.5,6,90,1,1,0,0,1,1,1,1,0,0,0,1,1,1,0,0,2
Gentiana_alba,F,F,140000,1000,2.5,12,192,1,1,0,0,1,1,1,0,0,0,0,0,1,1,1,0,9
Gentiana_andrewsii,F,F,280000,750,2.5,80,1280,1,1,0,0,1,1,0,0,0,0,0,0,1,1,1,0,9
Gentianella_quinquefolia,F,F,180000,400,2.5,80,1280,1,1,0,0,0,1,1,0,0,0,0,0,0,1,1,0,8
Gentianopsis_crinita,F,F,200000,200,2.5,220,3520,1,0,0,1,1,0,0,0,0,0,0,0,1,1,1,1,9
Geranium_maculatum,F,F,5000,45,2.5,80,1280,1,1,1,0,0,1,1,0,1,1,1,1,0,0,0,0,5
Geum_aleppicum,F,F,20000,200,2.5,10,150,1,1,0,1,1,1,0,0,0,0,1,1,1,0,0,0,3
Geum_triflorum,F,F,27000,100,2.5,150,2400,1,1,0,0,1,1,1,1,1,1,1,0,0,0,0,0,10
Helenium_autumnale,F,F,130000,500,2.5,10,150,1,1,0,1,1,0,0,0,0,0,0,1,1,1,1,1,5
Helianthus_giganteus,F,F,10000,100,2.5,40,640,1,1,0,0,1,1,0,0,0,0,0,1,1,1,0,0,10
Helianthus_grosseserratus,F,F,15000,100,2.5,20,300,1,1,0,0,1,1,1,0,0,0,0,1,1,1,0,0,10
Helianthus_laetiflorus,F,F,100,4000,2.5,40,600,1,1,0,0,0,0,1,1,0,0,0,1,1,1,1,0,4
Helianthus_mollis,F,F,7000,100,2.5,30,450,1,1,0,0,0,1,1,0,0,0,0,1,1,1,0,0,9
Helianthus_occidentalis,F,F,14000,100,2.5,40,640,1,1,0,0,0,1,1,1,0,0,0,1,1,1,1,0,10
Helianthus_pauciflorus,F,F,4000,100,2.5,40,600,1,1,0,0,0,0,1,1,0,0,0,0,1,1,1,0,9
Heliopsis_helianthoides,F,F,6300,500,2.5,3,45,1,1,0,0,1,1,1,0,0,0,1,1,1,1,1,0,7
Heracleum_maximum,F,F,2600,100,2.5,4,60,1,1,1,0,1,1,0,0,0,1,1,1,0,0,0,0,5
Heuchera_richardsonii,F,F,700000,750,2.5,50,800,1,1,0,0,1,1,1,1,0,1,1,1,1,1,0,0,10
Hibiscus_lasiocarpos,F,F,0,2200,2.5,5,80,1,1,0,1,1,0,0,0,0,0,0,1,1,0,0,0,4
Hierochloe_odorata,G,G,20000,50,2.5,200,3200,1,1,0,1,1,1,0,0,1,1,1,0,0,0,0,0,10
Hordeum_jubatum,G,G,12000,200,2.5,15,240,1,0,0,0,0,0,1,1,0,1,1,1,1,1,0,0,0
Hypericum_majus,F,F,3000000,2000,2.5,60,960,1,1,0,0,0,1,1,1,0,0,0,1,1,1,0,0,5
Hypericum_punctatum,F,F,580000,1000,2.5,70,1120,1,1,0,0,0,1,1,0,0,0,0,1,1,0,0,0,4
Hypericum_sphaerocarpum,F,F,34000,200,2.5,60,960,1,1,0,0,0,1,1,1,0,0,1,1,1,0,0,0,7
Impatiens_capensis,F,F,4000,50,2.5,80,1280,1,1,1,1,1,1,0,0,0,0,1,1,1,1,0,0,4
Ionactis_linariifolia,F,F,100,35000,2.5,200,3200,1,1,0,0,0,0,1,1,0,0,0,0,1,1,1,0,10
Juncus_balticus,G,G,342000,2000,2.5,30,480,1,0,0,1,1,1,0,0,0,1,1,1,1,1,0,0,2
Juncus_dudleyi,G,G,3200000,1000,2.5,40,600,1,0,0,0,1,1,1,0,0,1,1,1,0,0,0,0,2
Juncus_interior,G,G,2800000,1000,2.5,15,225,1,0,0,1,1,0,0,0,0,0,1,1,0,0,0,0,4
Juncus_tenuis,G,G,1000000,1000,2.5,40,640,1,1,0,0,0,1,1,1,0,0,1,0,0,0,0,0,0
Juncus_torreyi,G,G,1600000,1000,2.5,60,960,1,0,0,0,1,1,0,0,0,0,1,1,1,1,0,0,2
Koeleria_macrantha,G,G,200000,1000,2.5,12,180,1,1,0,0,0,0,1,1,0,1,1,1,0,0,0,0,8
Lathyrus_venosus,F,L,770,10,2.5,60,960,1,1,0,0,1,1,1,0,0,1,1,1,0,0,0,0,8
Lespedeza_capitata,F,L,8000,200,2.5,12,180,1,1,0,0,0,1,1,1,0,0,0,1,1,1,0,0,4
Lespedeza_virginica,F,L,100,10000,2.5,10,150,0,1,0,0,0,1,1,0,0,0,0,0,1,1,0,0,7
Liatris_aspera,F,F,16000,200,2.5,20,300,1,1,0,0,0,1,1,1,0,0,0,1,1,1,1,0,8
Liatris_cylindracea,F,F,14000,75,2.5,48,768,1,1,0,0,0,0,1,1,0,0,0,1,1,1,1,0,10
Liatris_ligulistylis,F,F,10000,100,2.5,40,600,1,1,0,0,1,1,1,0,0,0,0,0,1,1,0,0,7
Liatris_pycnostachya,F,F,11000,150,2.5,15,225,1,1,0,1,1,1,0,0,0,0,0,1,1,1,0,0,8
Liatris_scariosa,F,F,10800,100,2.5,30,450,1,1,0,0,0,1,1,1,0,0,0,0,1,1,1,0,9
Liatris_spicata,F,F,11000,150,2.5,12,180,1,1,0,1,1,1,0,0,0,0,0,1,1,1,0,0,7
Lilium_michiganense,F,F,10000,60,2.5,180,2880,1,1,0,1,1,1,0,0,0,0,1,1,1,0,0,0,8
Lobelia_siphilitica,F,F,500000,1000,2.5,20,300,1,1,0,1,1,1,0,0,0,0,0,1,1,1,1,0,4
Lobelia_spicata,F,F,900000,750,2.5,80,1200,1,1,0,0,1,1,1,0,0,1,1,1,1,0,0,0,4
Ludwigia_alternifolia,F,F,1300000,1000,2.5,20,300,1,0,0,0,1,0,0,0,0,1,1,1,1,0,0,0,6
Lupinus_perennis,F,L,1100,40,2.5,20,300,1,1,0,0,0,0,1,1,1,1,1,1,0,0,0,0,7
Lysimachia_ciliata,F,F,39000,100,2.5,100,1600,1,1,1,0,1,1,0,0,0,0,1,1,1,0,0,0,7
Maianthemum_racemosum,F,F,400,20,2.5,15,225,1,1,1,0,1,1,1,1,1,1,1,0,0,0,0,0,5
Maianthemum_stellatum,F,F,400,15,2.5,240,3840,1,1,1,0,1,1,1,1,1,1,1,0,0,0,0,0,5
Mentha_arvensis,F,F,300000,500,2.5,50,800,1,1,0,1,1,1,0,0,0,0,0,1,1,1,0,0,5
Monarda_fistulosa,F,F,70000,500,2.5,15,225,1,1,0,0,1,1,1,1,0,0,1,1,1,1,1,0,4
Monarda_punctata,F,F,90000,500,2.5,20,300,1,1,0,0,0,0,1,1,0,0,0,1,1,1,1,0,4
Muhlenbergia_mexicana,G,G,175000,400,2.5,30,450,1,1,1,0,1,1,1,0,0,0,0,0,0,1,0,0,5
Oenothera_biennis,F,F,90000,750,2.5,6,90,1,1,0,0,1,1,1,1,0,0,1,1,1,1,1,1,0
Oenothera_pilosella,F,F,266000,500,2.5,150,2400,1,1,0,0,1,1,1,0,0,1,1,1,1,0,0,0,10
Oxalis_violacea,F,F,50000,100,2.5,300,4500,1,1,0,0,0,0,1,1,1,1,1,0,0,0,0,0,8
Panicum_virgatum,G,G,14000,500,2.5,3,15,1,1,0,0,1,1,1,1,0,0,1,1,1,1,1,0,3
Parthenium_integrifolium,F,F,7000,200,2.5,10,150,1,0,0,0,1,1,1,0,0,0,1,1,1,1,0,0,8
Pedicularis_canadensis,F,F,33000,75,2.5,60,960,1,1,0,0,1,1,1,1,1,1,1,0,0,0,0,0,9
Penstemon_digitalis,F,F,130000,1000,2.5,6,90,1,1,0,0,0,1,1,0,0,1,1,0,0,0,0,0,4
Penstemon_grandiflorus,F,F,14000,300,2.5,15,240,1,1,0,0,0,0,1,1,0,1,1,0,0,0,0,0,8
Penstemon_hirsutus,F,F,248000,1000,2.5,40,640,1,1,1,0,1,1,1,1,0,1,1,1,0,0,0,0,9
Penstemon_pallidus,F,F,180000,750,2.5,50,750,1,1,0,0,0,0,1,1,0,1,1,0,0,0,0,0,9
Phlox_pilosa,F,F,19000,75,2.5,100,1500,1,1,0,0,1,1,1,1,0,1,1,1,1,0,0,0,8
Physostegia_angustifolia,F,F,22000,300,2.5,10,150,1,1,0,1,1,1,0,0,0,0,0,1,1,1,0,0,10
Physostegia_virginiana,F,F,11000,200,2.5,50,750,1,1,0,1,1,1,0,0,0,0,0,0,1,1,1,0,4
Polemonium_reptans,F,F,18000,100,2.5,80,1280,1,1,1,0,1,1,1,0,1,1,1,0,0,0,0,0,8
Polygonatum_biflorum,F,F,800,30,2.5,20,300,1,1,1,0,0,1,1,0,0,1,1,1,0,0,0,0,4
Potentilla_arguta,F,F,230000,1000,2.5,8,120,1,1,0,0,0,0,1,1,0,0,1,1,1,1,0,0,10
Psoralea_onobrychis,F,L,1200,30,2.5,25,400,1,0,0,0,0,0,1,1,0,0,1,1,1,0,0,0,4
Pycnanthemum_tenuifolium,F,F,378000,1000,2.5,30,450,1,1,0,0,1,1,1,0,0,0,1,1,1,0,0,0,7
Pycnanthemum_verticillatum,F,F,185000,1000,2.5,25,375,1,1,0,0,0,1,1,0,0,0,0,1,1,1,0,0,4
Pycnanthemum_virginianum,F,F,220000,1000,2.5,40,600,1,1,0,1,1,1,1,0,0,0,1,1,1,1,1,0,5
Ratibida_pinnata,F,F,30000,1000,2.5,5,75,1,1,0,0,0,1,1,0,0,0,0,1,1,1,1,0,4
Rosa_arkansana,F,F,2500,75,2.5,25,400,1,1,0,0,1,1,1,1,0,0,1,1,0,0,0,0,8
Rosa_blanda,F,F,2600,75,2.5,20,300,1,1,0,0,0,1,1,1,0,1,1,0,0,0,0,0,4
Rosa_carolina,F,F,2500,75,2.5,30,480,1,1,0,0,1,1,1,1,0,1,1,1,0,0,0,0,5
Rosa_setigera,F,F,3800,75,2.5,30,480,1,1,0,0,0,1,1,0,0,0,1,1,0,0,0,0,5
Rudbeckia_fulgida,F,F,31000,150,2.5,50,800,1,1,0,0,1,1,1,0,0,0,0,0,1,0,0,0,8
Rudbeckia_hirta,F,F,92000,2000,2.5,3,45,1,1,0,0,1,1,1,1,0,0,1,1,1,1,0,0,1
Rudbeckia_laciniata,F,F,10000,100,2.5,15,240,1,1,1,0,1,1,0,0,0,0,0,1,1,1,1,1,4
Rudbeckia_subtomentosa,F,F,43000,500,2.5,8,128,1,1,0,0,1,1,1,0,0,0,0,1,1,1,0,0,8
Rudbeckia_triloba,F,F,34000,750,2.5,6,90,1,1,0,0,1,1,1,0,0,0,0,0,1,1,1,0,1
Ruellia_humilis,F,F,5200,100,2.5,30,450,1,0,0,0,0,1,1,1,0,0,1,1,1,0,0,0,8
Schizachyrium_scoparium,G,G,15000,500,2.5,3,22,1,1,0,0,0,1,1,1,0,0,0,0,1,1,0,0,5
Scrophularia_marilandica,F,F,170000,1000,2.5,10,150,1,1,0,0,0,1,1,0,0,0,1,1,1,0,0,0,4
Senecio_plattensis,F,F,100000,200,2.5,140,2240,1,1,0,0,0,1,1,1,0,1,0,0,0,0,0,0,4
Senna_hebecarpa,F,L,1400,100,2.5,8,120,1,1,0,0,1,1,0,0,0,0,1,1,1,0,0,0,9
Senna_marilandica,F,L,1700,100,2.5,8,120,1,1,0,0,1,1,1,0,0,0,0,0,1,1,0,0,9
Silene_regia,F,F,23000,100,2.5,50,800,1,1,0,0,0,1,1,0,0,0,0,1,1,0,0,0,10
Silene_stellata,F,F,30000,100,2.5,60,900,1,1,0,0,1,1,1,0,0,0,0,1,1,1,1,0,6
Silphium_integrifolium,F,F,1200,75,2.5,8,120,1,0,0,0,1,1,1,1,0,0,0,1,1,0,0,0,5
Silphium_laciniatum,F,F,660,50,2.5,8,120,1,1,0,0,1,1,1,1,0,0,1,1,1,1,0,0,5
Silphium_perfoliatum,F,F,1400,75,2.5,8,120,1,1,0,0,1,1,0,0,0,0,0,1,1,1,1,0,5
Silphium_terebinthinaceum,F,F,1000,35,2.5,20,300,1,1,0,0,1,1,1,0,0,0,1,1,1,1,0,0,5
Silphium_trifoliatum,F,F,1300,40,2.5,30,480,1,1,0,0,0,1,1,0,0,0,0,1,1,0,0,0,5
Sisyrinchium_albidum,F,F,20000,75,2.5,150,2400,1,1,0,0,0,0,1,1,1,1,1,1,0,0,0,0,6
Sisyrinchium_campestre,F,F,45000,75,2.5,35,525,1,1,0,0,0,0,1,1,1,1,0,0,0,0,0,0,10
Smilax_lasioneura,F,F,500,15,2.5,12,192,1,1,1,0,1,1,1,0,0,1,1,0,0,0,0,0,5
Solidago_gigantea,F,F,250000,750,2.5,60,960,1,1,1,1,1,1,0,0,0,0,0,0,1,1,0,0,4
Solidago_juncea,F,F,290000,750,2.5,60,960,1,1,0,0,0,1,1,1,0,0,0,1,1,1,0,0,3
Solidago_nemoralis,F,F,300000,1000,2.5,20,300,1,1,0,0,0,0,1,1,0,0,0,0,1,1,1,1,3
Solidago_ohioensis,F,F,110000,1000,2.5,15,225,1,0,0,1,1,1,0,0,0,0,1,1,1,1,1,0,10
Solidago_ptarmicoides,F,F,64000,500,2.5,25,400,1,0,0,0,0,0,1,1,0,0,1,1,1,1,1,0,10
Solidago_rigida,F,F,41000,1000,2.5,8,120,1,1,0,0,1,1,1,1,0,0,0,1,1,1,1,0,3
Solidago_speciosa,F,F,95000,1000,2.5,15,225,1,1,0,0,0,1,1,1,0,0,0,1,1,1,1,0,8
Sorghastrum_nutans,G,G,12000,1000,2.5,3,18,1,1,0,0,0,1,1,1,0,0,0,0,1,1,0,0,5
Spartina_pectinata,G,G,6600,250,2.5,8,120,1,1,0,1,1,1,0,0,0,0,0,1,1,0,0,0,4
Spiraea_alba,F,F,0,0,2.5,50,750,1,1,0,1,1,0,0,0,0,0,1,1,1,1,0,0,5
Spiraea_tomentosa,F,F,300000,1000,2.5,30,480,1,1,0,1,1,0,0,0,0,0,0,1,1,1,0,0,8
Sporobolus_compositus,G,G,28000,500,2.5,3,30,1,0,0,0,0,0,1,1,0,0,0,0,1,1,1,0,9
Sporobolus_cryptandrus,G,G,200000,1000,2.5,3,30,1,0,0,0,0,0,1,1,0,0,1,1,1,1,0,0,3
Sporobolus_heterolepis,G,G,16000,300,2.5,8,120,1,1,0,0,1,1,1,1,0,0,0,0,1,1,0,0,10
Stipa_spartea,G,G,680,0,minimum 1 oz.,8,120,1,1,0,0,0,0,1,1,0,1,1,0,0,0,0,0,8
Symphyotrichum_ericoides,F,F,200000,300,2.5,50,800,1,1,0,0,0,1,1,1,0,0,0,0,1,1,1,0,6
Symphyotrichum_laeve,F,F,55000,750,2.5,15,225,1,1,0,0,1,1,1,0,0,0,0,0,1,1,1,0,9
Symphyotrichum_lanceolatum,F,F,156000,500,2.5,30,450,1,0,0,0,1,1,0,0,0,0,0,1,1,1,1,1,3
Symphyotrichum_lateriflorum,F,F,250000,750,2.5,50,800,1,1,1,0,1,1,1,0,0,0,0,1,1,1,1,0,10
Symphyotrichum_novaeangliae,F,F,66000,500,2.5,20,300,1,1,0,1,1,1,1,0,0,0,0,1,1,1,1,0,3
Symphyotrichum_oblongifolium,F,F,51000,200,2.5,30,480,1,0,0,0,0,0,1,1,0,0,0,0,1,1,1,0,9
Symphyotrichum_oolentangiense,F,F,80000,1000,2.5,20,300,1,1,0,0,0,1,1,1,0,0,0,1,1,1,1,1,8
Symphyotrichum_pilosum,F,F,140000,750,2.5,30,480,1,1,0,0,1,1,1,1,0,0,0,0,1,1,1,1,0
Symphyotrichum_sericeum,F,F,26000,300,2.5,40,600,1,1,0,0,0,0,1,1,0,0,0,0,1,1,1,0,10
Symphyotrichum_turbinellum,F,F,400,"35,000",2.5,30,480,1,1,0,0,0,1,1,0,0,0,0,0,0,1,1,0,7
Symphyotrichum_undulatum,F,F,135000,1000,2.5,12,180,1,1,1,0,0,1,1,0,0,0,0,0,1,1,1,0,3
Taenidia_integerrima,F,F,6000,90,2.5,50,800,1,1,1,0,0,1,1,0,1,1,1,1,0,0,0,0,10
Tephrosia_virginiana,F,L,2500,60,2.5,25,375,1,1,0,0,0,0,1,1,0,0,1,1,0,0,0,0,8
Teucrium_canadense,F,F,20000,300,2.5,10,150,1,1,0,0,1,1,1,0,0,0,0,1,1,1,0,0,3
Thalictrum_dasycarpum,F,F,11000,200,2.5,15,225,1,1,0,0,1,1,0,0,0,1,1,1,0,0,0,0,6
Thaspium_trifoliatum,F,F,9000,100,2.5,30,450,1,1,1,0,0,1,1,0,0,1,1,0,0,0,0,0,8
Tradescantia_bracteata,F,F,10000,150,2.5,30,450,1,0,0,0,0,0,1,1,0,1,1,0,0,0,0,0,7
Tradescantia_occidentalis,F,F,200,9000,2.5,40,640,1,0,0,0,0,0,1,1,0,1,1,1,0,0,0,0,5
Tradescantia_ohiensis,F,F,8000,150,2.5,15,225,1,1,0,0,1,1,1,1,0,1,1,1,1,1,1,0,3
Tridens_flavus,G,G,26000,1000,2.5,3,30,1,1,0,0,0,1,1,0,0,0,0,0,1,1,0,0,1
Triosteum_perfoliatum,F,F,450,15,2.5,20,320,1,1,1,0,0,1,1,0,0,1,1,0,0,0,0,0,4
Tripsacum_dactyloides,G,G,370,75,2.5,3,25,1,1,0,0,0,1,0,0,0,0,1,1,1,1,0,0,4
Verbena_hastata,F,F,93000,750,2.5,4,60,1,1,0,1,1,1,0,0,0,0,1,1,1,1,0,0,4
Verbena_stricta,F,F,28000,750,2.5,6,90,1,1,0,0,0,0,1,1,0,0,1,1,1,1,0,0,4
Verbena_urticifolia,F,F,47000,500,2.5,10,160,1,1,1,0,1,1,0,0,0,0,0,1,1,1,0,0,2
Verbesina_helianthoides,F,F,500,14000,2.5,8,120,1,1,0,0,0,1,0,0,0,0,0,1,1,1,1,0,5
Vernonia_fasciculata,F,F,24000,500,2.5,10,150,1,1,0,0,1,1,0,0,0,0,1,1,1,1,1,0,8
Vernonia_gigantea,F,F,28000,400,2.5,10,150,1,0,0,0,1,1,0,0,0,0,0,1,1,1,1,0,4
Vernonia_missurica,F,F,22000,250,2.5,10,150,1,0,0,0,1,1,1,0,0,0,0,1,1,1,0,0,4
Veronicastrum_virginicum,F,F,800000,2000,2.5,50,800,1,1,0,0,1,1,1,0,0,0,1,1,1,0,0,0,8
Viola_pedata,F,F,26000,50,2.5,300,4500,1,1,0,0,0,0,1,1,1,1,1,1,1,0,0,0,9
Viola_pedatifida,F,F,28000,100,2.5,50,800,1,1,0,0,0,1,1,0,1,1,1,0,0,0,0,0,9
Viola_sororia,F,F,23000,50,2.5,220,3520,1,1,1,0,1,1,1,0,1,1,1,0,0,0,0,0,3
Zizia_aptera,F,F,12000,150,2.5,15,225,1,1,0,0,0,1,1,0,1,1,0,0,0,0,0,0,10
Zizia_aurea,F,F,11000,150,2.5,6,90,1,1,0,0,1,1,1,0,1,1,1,0,0,0,0,0,5